<!--
  ~ Copyright (c) 2018, org.smartboot. All rights reserved.
  ~ project name: smart-socket
  ~ file name: release.xml
  ~ Date: 2018-03-07
  ~ Author: sandao
  -->

<assembly xmlns="http://maven.apache.org/plugins/maven-assembly-plugin/assembly/1.1.3"
          xmlns:xsi="http://www.w3.org/2001/XMLSchema-instance"
          xsi:schemaLocation="http://maven.apache.org/plugins/maven-assembly-plugin/assembly/1.1.3 http://maven.apache.org/xsd/assembly-1.1.3.xsd">

    <formats>
        <format>tar.gz</format>
        <format>dir</format>
    </formats>

    <dependencySets>
        <dependencySet>
            <outputDirectory>/lib</outputDirectory>
        </dependencySet>
    </dependencySets>

    <fileSets>
        <fileSet>
            <includes>
                <include>bin/**</include>
            </includes>
            <fileMode>0755</fileMode>
        </fileSet>

        <fileSet>
            <includes>
                <include>/conf/**</include>
                <include>logs</include>
            </includes>
        </fileSet>

    </fileSets>

    <!--<files>-->
    <!--<file>-->
    <!--<source>README.txt</source>-->
    <!--<outputDirectory>/</outputDirectory>-->
    <!--</file>-->
    <!--</files>-->

</assembly>